{
    "inference_id": "0f65a4f2-c631-4fa9-82fd-472bfea522f3",
    "time": 0.05454059600015171,
    "image": {
        "width": 1200,
        "height": 1600
    },
    "predictions": [
        {
            "x": 684.0,
            "y": 1441.0,
            "width": 118.0,
            "height": 174.0,
            "confidence": 0.6783003807067871,
            "class": "boots",
            "class_id": 0,
            "detection_id": "38236349-5cd9-4b71-ab01-2d67ebd993b0"
        }
    ]
}