{
    "inference_id": "692c5a5a-e3db-44a1-8d3d-ec2f4a758b26",
    "time": 0.05814121500043257,
    "image": {
        "width": 1200,
        "height": 1600
    },
    "predictions": [
        {
            "x": 345.5,
            "y": 875.0,
            "width": 105.0,
            "height": 136.0,
            "confidence": 0.8542354106903076,
            "class": "gloves",
            "class_id": 2,
            "detection_id": "93a757da-6fd6-48f2-9a4d-8ee24f29021c"
        },
        {
            "x": 664.0,
            "y": 1418.0,
            "width": 130.0,
            "height": 182.0,
            "confidence": 0.6701957583427429,
            "class": "boots",
            "class_id": 0,
            "detection_id": "4ade7034-d282-4dbe-be36-dc400faebe7b"
        }
    ]
}