{
    "inference_id": "cb743f7f-01d1-4be2-9ffa-e12af1af69df",
    "time": 0.04978177400016648,
    "image": {
        "width": 1200,
        "height": 1600
    },
    "predictions": [
        {
            "x": 693.0,
            "y": 1448.5,
            "width": 112.0,
            "height": 175.0,
            "confidence": 0.6835896968841553,
            "class": "boots",
            "class_id": 0,
            "detection_id": "ef977a4a-2e1b-4065-9942-0e6da9986c2f"
        },
        {
            "x": 490.5,
            "y": 638.5,
            "width": 173.0,
            "height": 121.0,
            "confidence": 0.43542996048927307,
            "class": "gloves",
            "class_id": 2,
            "detection_id": "58ed613b-376a-4d69-aa2b-d453f0a08a95"
        }
    ]
}