{
    "inference_id": "65f10f3c-d3b9-45df-a7e4-544a9cd576f7",
    "time": 0.04869776100031231,
    "image": {
        "width": 1200,
        "height": 1600
    },
    "predictions": [
        {
            "x": 680.0,
            "y": 1425.5,
            "width": 106.0,
            "height": 181.0,
            "confidence": 0.6230704188346863,
            "class": "boots",
            "class_id": 0,
            "detection_id": "25c23175-4ce5-406c-a3a6-a1e9db829c83"
        }
    ]
}