{
    "inference_id": "3157274a-e5ce-48c3-bcf6-471af94628e0",
    "time": 0.060110522999821114,
    "image": {
        "width": 1200,
        "height": 1600
    },
    "predictions": [
        {
            "x": 630.0,
            "y": 1009.5,
            "width": 964.0,
            "height": 1181.0,
            "confidence": 0.5870398283004761,
            "class": "vest",
            "class_id": 4,
            "detection_id": "53b4e079-84b9-4211-a87d-94b7fecad1f7"
        },
        {
            "x": 854.0,
            "y": 268.5,
            "width": 254.0,
            "height": 537.0,
            "confidence": 0.43382173776626587,
            "class": "helmet",
            "class_id": 3,
            "detection_id": "a271c406-8f53-4cda-a62e-2b7b845ff5dc"
        }
    ]
}