{
    "inference_id": "a61be141-2de3-413f-b1cc-07c70ab7777b",
    "time": 0.049305984000056924,
    "image": {
        "width": 1200,
        "height": 1600
    },
    "predictions": [
        {
            "x": 709.0,
            "y": 1479.0,
            "width": 120.0,
            "height": 178.0,
            "confidence": 0.5598306655883789,
            "class": "boots",
            "class_id": 0,
            "detection_id": "27138389-5c71-45ab-a7f6-565685094215"
        }
    ]
}