{
    "inference_id": "735c6cc1-ba2a-45eb-a065-748791aa9de9",
    "time": 0.07429785200019978,
    "image": {
        "width": 1200,
        "height": 1600
    },
    "predictions": [
        {
            "x": 698.0,
            "y": 1468.0,
            "width": 104.0,
            "height": 144.0,
            "confidence": 0.470253050327301,
            "class": "boots",
            "class_id": 0,
            "detection_id": "108f8286-75e3-4993-9af8-6e3d34408b91"
        }
    ]
}